[
  {
    "id": "45e88974-66a6-4035-85a6-2abd6686ea1a",
    "data": [
      {
        "text": "i have a doubt",
        "userDefined": false
      }
    ],
    "isTemplate": false,
    "count": 0,
    "lang": "en",
    "updated": 0
  },
  {
    "id": "5eb8f6b8-d822-45a0-bb35-c620543cbec1",
    "data": [
      {
        "text": "i want to ask you a question",
        "userDefined": false
      }
    ],
    "isTemplate": false,
    "count": 1,
    "lang": "en",
    "updated": 0
  },
  {
    "id": "e921b511-ac53-4f3d-8db2-25ec04c6cc72",
    "data": [
      {
        "text": "i want to ask you a question?",
        "userDefined": false
      }
    ],
    "isTemplate": false,
    "count": 1,
    "lang": "en",
    "updated": 0
  },
  {
    "id": "2850e2a6-2da9-472a-bc03-055489b2e3d5",
    "data": [
      {
        "text": "can i ask you about something?",
        "userDefined": false
      }
    ],
    "isTemplate": false,
    "count": 0,
    "lang": "en",
    "updated": 0
  },
  {
    "id": "a5994ebf-a14c-44d0-8f56-2bb1d1447d58",
    "data": [
      {
        "text": "can i ask you a question?",
        "userDefined": false
      }
    ],
    "isTemplate": false,
    "count": 0,
    "lang": "en",
    "updated": 0
  },
  {
    "id": "0c36ca4c-b4f0-4398-a1f5-7c3311c35abc",
    "data": [
      {
        "text": "i have a question to ask",
        "userDefined": false
      }
    ],
    "isTemplate": false,
    "count": 0,
    "lang": "en",
    "updated": 0
  }
]